{
  "mse": 0.03299635723233223,
  "mse_std": 0.000725954439075898,
  "psnr": 14.81638296082819,
  "psnr_std": 0.0949931931090941,
  "ssim": 0.45573782798495693,
  "ssim_std": 0.010859562252810553,
  "temporal_consistency": 0.0,
  "temporal_consistency_std": 0.0
}