{
  "Baseline VAE": {
    "mse": 0.033148862645030024,
    "psnr": 14.80091881661008,
    "ssim": 0.45396177737325905,
    "temporal_consistency": 0.0,
    "mse_std": 0.0016857775288361284,
    "psnr_std": 0.22062156244276357,
    "ssim_std": 0.014656173737943062,
    "sample_variance": 0.0006851172656752169,
    "mean_pairwise_distance": 10.478233337402344,
    "temporal_variance": 3.8192136565267615e-18,
    "total_parameters": 4791681,
    "trainable_parameters": 4791681,
    "encode_time_ms": 8.174328804016113,
    "encode_time_std_ms": 19.37905443067843,
    "forward_time_ms": 17.976365089416504,
    "forward_time_std_ms": 0.7118826973872453,
    "generation_time_ms": 13.797812461853027,
    "generation_time_std_ms": 2.042207216905911
  },
  "LSTM-VAE": {
    "mse": 0.02171121496707201,
    "psnr": 16.638368725483005,
    "ssim": 0.7713254312996757,
    "temporal_consistency": 0.02763512633740902,
    "mse_std": 0.0010672690962451761,
    "psnr_std": 0.21239445827543055,
    "ssim_std": 0.006290007492943622,
    "sample_variance": 0.01258617639541626,
    "mean_pairwise_distance": 45.197383880615234,
    "temporal_variance": 0.010578785091638565,
    "total_parameters": 10441857,
    "trainable_parameters": 10441857,
    "encode_time_ms": 8.467226028442383,
    "encode_time_std_ms": 10.54339914915994,
    "forward_time_ms": 19.975218772888184,
    "forward_time_std_ms": 0.22495539268238182,
    "generation_time_ms": 17.892131805419922,
    "generation_time_std_ms": 0.3543453537851012
  },
  "Disentangled VAE": {
    "mse": 0.020693344101309775,
    "psnr": 16.852023824876024,
    "ssim": 0.8328326081421893,
    "temporal_consistency": 0.04405776396393776,
    "mse_std": 0.0014266108800612774,
    "psnr_std": 0.29970748862313823,
    "ssim_std": 0.007511038367234213,
    "sample_variance": 0.017028069123625755,
    "mean_pairwise_distance": 52.41838073730469,
    "temporal_variance": 0.01306341402232647,
    "total_parameters": 12934625,
    "trainable_parameters": 12934625,
    "encode_time_ms": 5.830316543579102,
    "encode_time_std_ms": 12.45843601423588,
    "forward_time_ms": 18.48644256591797,
    "forward_time_std_ms": 0.26161664301201304,
    "generation_time_ms": 17.517070770263672,
    "generation_time_std_ms": 2.3080060975113295
  }
}