{
  "mse": 0.020611372776329517,
  "mse_std": 0.0009536298423200539,
  "psnr": 16.863437739944064,
  "psnr_std": 0.19634792772421097,
  "ssim": 0.8333016058432119,
  "ssim_std": 0.003482221822544325,
  "temporal_consistency": 0.043556415289640424,
  "temporal_consistency_std": 0.0013532061679046668
}