{
  "mse": 0.0217084676027298,
  "mse_std": 0.0006650783544676019,
  "psnr": 16.63568409619746,
  "psnr_std": 0.1299946805033398,
  "ssim": 0.772314837626587,
  "ssim_std": 0.004401646630408771,
  "temporal_consistency": 0.027232932671904565,
  "temporal_consistency_std": 0.0009368265313881747
}